{"loss": [1.6848361492156982, 1.2003484964370728, 1.0009596347808838, 0.8821155428886414, 0.8035832643508911, 0.740609347820282, 0.6817533373832703, 0.6400954723358154, 0.6006436944007874, 0.5615320801734924, 0.5237715840339661, 0.4928798973560333, 0.4697639048099518, 0.44411200284957886, 0.4173108637332916, 0.39367106556892395, 0.38145750761032104, 0.34969159960746765, 0.3363178074359894, 0.32315072417259216, 0.31175580620765686, 0.28813499212265015, 0.2891148626804352, 0.28370237350463867, 0.2613942325115204, 0.24873115122318268, 0.23855708539485931, 0.2326086312532425, 0.22646348178386688, 0.219425767660141, 0.20789286494255066, 0.20222680270671844, 0.19697102904319763, 0.1963949054479599, 0.1833697408437729, 0.17788425087928772, 0.17749349772930145, 0.16994597017765045, 0.16979378461837769, 0.1713038831949234, 0.16430281102657318, 0.16025227308273315, 0.1522296518087387, 0.1508558988571167, 0.14655758440494537, 0.1453605592250824, 0.14162223041057587, 0.1379316747188568, 0.14615726470947266, 0.13307173550128937, 0.13248005509376526, 0.15406233072280884, 0.13132381439208984, 0.12604232132434845, 0.11963389813899994, 0.11949729174375534, 0.11636235564947128, 0.11835013329982758, 0.1151370033621788, 0.11182151734828949, 0.11166539788246155, 0.10956945270299911, 0.10976806282997131, 0.10661289840936661, 0.10158806294202805, 0.10352317988872528, 0.09854156523942947, 0.10193061828613281, 0.10256332904100418, 0.0950489267706871, 0.09644333273172379, 0.09576114267110825, 0.09459264576435089, 0.0964423343539238, 0.1024603545665741, 0.09245028346776962, 0.08866672217845917, 0.087569460272789, 0.08806134015321732, 0.09007051587104797, 0.09706117957830429, 0.0865897685289383, 0.08152233064174652, 0.086492620408535, 0.0847565159201622, 0.08267362415790558, 0.0830255001783371, 0.08180958032608032, 0.07861918210983276, 0.07862228155136108, 0.07805389910936356, 0.08299939334392548, 0.07773220539093018, 0.07703007757663727, 0.0759536474943161, 0.07978389412164688, 0.07313128560781479, 0.07379070669412613, 0.07311023026704788, 0.07044754177331924], "accuracy": [0.4390600025653839, 0.5856000185012817, 0.6560199856758118, 0.6937199831008911, 0.7207800149917603, 0.7408599853515625, 0.761139988899231, 0.7753599882125854, 0.7879599928855896, 0.8026999831199646, 0.8155999779701233, 0.8262199759483337, 0.8356199860572815, 0.8442000150680542, 0.8503000140190125, 0.8609600067138672, 0.8641600012779236, 0.875760018825531, 0.8780199885368347, 0.8822199702262878, 0.8890399932861328, 0.8962200284004211, 0.896399974822998, 0.8989800214767456, 0.9066600203514099, 0.9087799787521362, 0.9159200191497803, 0.9175000190734863, 0.9193400144577026, 0.9215999841690063, 0.9261400103569031, 0.927619993686676, 0.9299600124359131, 0.9311400055885315, 0.9350600242614746, 0.9369000196456909, 0.9373599886894226, 0.939520001411438, 0.9398000240325928, 0.939520001411438, 0.942080020904541, 0.9415199756622314, 0.9466599822044373, 0.9462000131607056, 0.9478800296783447, 0.9485399723052979, 0.9486200213432312, 0.9507200121879578, 0.9485800266265869, 0.9536399841308594, 0.9536600112915039, 0.9449399709701538, 0.9534000158309937, 0.9549400210380554, 0.958079993724823, 0.9583200216293335, 0.9588800072669983, 0.9574400186538696, 0.9593200087547302, 0.9607399702072144, 0.9610400199890137, 0.9618800282478333, 0.961679995059967, 0.9627599716186523, 0.9630799889564514, 0.9631999731063843, 0.9655799865722656, 0.9641000032424927, 0.9638800024986267, 0.9670000076293945, 0.9656000137329102, 0.9667400121688843, 0.9665600061416626, 0.9660400152206421, 0.964460015296936, 0.9676399827003479, 0.9685800075531006, 0.9694399833679199, 0.9698399901390076, 0.9678599834442139, 0.965179979801178, 0.9703199863433838, 0.9718999862670898, 0.9701399803161621, 0.9702600240707397, 0.9711999893188477, 0.97079998254776, 0.9721400141716003, 0.9722599983215332, 0.9725000262260437, 0.9724799990653992, 0.9711199998855591, 0.9732000231742859, 0.9735599756240845, 0.9735000133514404, 0.9726999998092651, 0.9751799702644348, 0.9742000102996826, 0.9746800065040588, 0.9749600291252136], "val_loss": [1.196745753288269, 1.0665225982666016, 0.8729233145713806, 0.8404362201690674, 0.8376581072807312, 0.7204378843307495, 0.6757586002349854, 0.6339527368545532, 0.6350647211074829, 0.6286728382110596, 0.5994833707809448, 0.5815072059631348, 0.5866778492927551, 0.6489207744598389, 0.5695794820785522, 0.5696297883987427, 0.5537158846855164, 0.576011598110199, 0.7357265949249268, 0.6080371737480164, 0.6092538833618164, 0.5814197063446045, 0.613155722618103, 0.5989669561386108, 0.5767974257469177, 0.5845683813095093, 0.6509640216827393, 0.6039295792579651, 0.5955310463905334, 0.6423196196556091, 0.6008248925209045, 0.6235355734825134, 0.6147062182426453, 0.6449297070503235, 0.5871630311012268, 0.6369409561157227, 0.6489137411117554, 0.5915494561195374, 0.6094906330108643, 0.6385058164596558, 0.5973726511001587, 0.6407871842384338, 0.6214640736579895, 0.6205917596817017, 0.6231943368911743, 0.6412882804870605, 0.6565036177635193, 0.7070735096931458, 0.6386784315109253, 0.6552764177322388, 0.6768951416015625, 0.6404023170471191, 0.6283062696456909, 0.6548967361450195, 0.6471672654151917, 0.6475669145584106, 0.6676939725875854, 0.6417289972305298, 0.6696619987487793, 0.6502766013145447, 0.654991090297699, 0.6931102871894836, 0.6450777053833008, 0.6446926593780518, 0.6875758767127991, 0.659427285194397, 0.6864402294158936, 0.651313841342926, 0.685673713684082, 0.6854288578033447, 0.678687572479248, 0.6762896776199341, 0.7034461498260498, 0.6734874844551086, 0.6736468076705933, 0.6897032856941223, 0.6551684737205505, 0.7099192142486572, 0.6967169046401978, 0.6807572841644287, 0.6821653246879578, 0.7093692421913147, 0.7276548743247986, 0.7005947232246399, 0.6961489319801331, 0.6993171572685242, 0.6656599044799805, 0.6845623850822449, 0.6654656529426575, 0.6990967392921448, 0.6972803473472595, 0.7207802534103394, 0.6952281594276428, 0.6785091161727905, 0.6934025883674622, 0.6965565085411072, 0.7016782164573669, 0.7030847668647766, 0.7020018696784973, 0.7027174830436707],